ticker,alert,entry_time,entry,prior_24h,posts_6h,base_6h,max_1d,max_3d,min_3d,ret_1d,ret_3d,ret_10d
KSS,2025-01-15 16:00:00,2025-01-15 16:30:00,12.751299858093262,-0.012765954307010774,4,0.14285714285714285,0.024209340613028152,0.024209340613028152,-0.007944306909126064,0.017543350549825032,0.017935437520244957,0.07116922604017861
KSS,2025-05-20 18:00:00,2025-05-20 18:30:00,8.265000343322754,-0.035568438284035664,4,0.1607142857142857,0.01512397477130567,0.01512397477130567,-0.09074415555748638,-0.04839692142635521,-0.08348463465159617,-0.021536653689080976
KSS,2025-05-29 13:00:00,2025-05-29 13:00:00,8.66,0.08426270136307301,4,0.26785714285714285,0.1501039148202945,0.1501039148202945,-0.0969976707088479,-0.0821016166281755,-0.05773672055427248,0.011547344110854452
KSS,2025-06-26 16:00:00,2025-06-26 16:30:00,8.135000228881836,-0.010188700973711273,4,0.07142857142857142,0.06576519143941639,0.06576519143941639,-0.0006146422003979746,0.05224341472369942,0.037492287957819226,0.13714809338997624
KSS,2025-07-21 14:00:00,2025-07-21 14:30:00,9.975000381469727,0.04710387783310721,8,0.21428571428571427,1.1443607590616267,1.1443607590616267,-0.026416077332610866,0.42638590623340633,0.36190471364627097,0.10368920410121052
KSS,2025-10-22 15:00:00,2025-10-22 15:30:00,16.485000610351562,-0.011103632030131094,4,0.0,0.023961088006694053,0.023961088006694053,-0.02699427321052872,0.007582650614007758,-0.003943015343945144,-0.015468644277236931
GPRO,2025-07-22 17:00:00,2025-07-22 17:30:00,1.2029000520706177,0.23322459912745996,5,0.03571428571428571,1.2445755117828305,1.2445755117828305,-0.002327796891718692,0.2592069079347361,0.2552996301430126,0.001745773342607837
GPRO,2025-08-25 17:00:00,2025-08-25 17:30:00,1.3600000143051147,0.09669354654127549,4,0.03571428571428571,0.38235292313008173,0.38235292313008173,-0.0007353284702371621,0.3272058298250595,0.22794113199913002,0.06250002739184013
DNUT,2025-07-22 17:00:00,2025-07-22 17:30:00,3.7249999046325684,0.1601866621004997,13,0.1607142857142857,0.6026846047903125,0.6026846047903125,-0.008697958023223817,0.1551141714598936,0.15033555895749195,-0.07806707748482411
DNUT,2025-10-22 00:00:00,2025-10-22 08:00:00,4.34,0.23780487804878048,4,0.05357142857142857,0.2764976958525347,0.2764976958525347,-0.17050693441645892,-0.12903225806451613,-0.112926267281106,-0.17944700460829488
BYND,2025-07-22 20:00:00,2025-07-22 20:00:00,126.59999,0.0812808325648946,5,0.03571428571428571,0.2559242698202424,0.2559242698202424,-0.14454973162033202,0.014218168579634094,-0.1303790782289952,-0.3222748674782676
BYND,2025-10-20 14:00:00,2025-10-20 14:30:00,29.088001251220703,0.3297185502917399,4,0.05357142857142857,1.5783827273746613,8.127474854906302,-0.04599839087137525,1.428836581644262,2.4567862409666836,0.7378299320218564
QUBT,2024-11-14 20:00:00,2024-11-14 20:30:00,4.224599838256836,0.8988764430218148,4,0.10714285714285714,0.06518964453135045,0.06518964453135045,-0.40112671773577857,-0.2684041022941369,-0.289873570312433,0.5362401762241034
QUBT,2024-11-25 18:00:00,2024-11-25 18:30:00,7.184999942779541,0.10348229782974405,4,0.3571428571428571,0.09394572896257158,0.09394572896257158,-0.18023661609007202,-0.0466388554793169,-0.08281140536089737,0.04244952411518499
QUBT,2024-12-17 19:00:00,2024-12-17 19:30:00,16.1200008392334,0.4816177086098996,4,0.19642857142857145,0.6408188204658498,0.6842430648298536,-0.3756203799007587,0.43424315357125565,0.05459051581590679,0.14613519953740872
QUBT,2024-12-23 16:00:00,2024-12-23 16:30:00,18.15999984741211,0.06199420683565182,6,0.6785714285714286,0.035242257435351254,0.07158586167311021,-0.10682822413867354,-0.06580394850578763,0.058094730949357576,-0.04096367320059613
QUBT,2024-12-29 08:00:00,2024-12-30 09:00:00,18.36,0.0,4,0.7321428571428571,0.14161220043572986,0.14161220043572986,-0.1279956302351941,-0.015250544662309462,-0.07189542483660127,-0.4455337690631809
QUBT,2025-09-19 16:00:00,2025-09-19 16:30:00,23.360000610351562,0.2672085741985466,4,0.0,0.026541049472833755,0.03895545230616082,-0.2117251641332244,-0.009417834101171807,-0.14362163364406133,-0.1729452401528231
RGTI,2024-11-25 22:00:00,2024-11-25 22:00:00,2.98,0.6011475409836065,4,0.03571428571428571,0.10402684563758391,0.10402684563758391,-0.2953020454253126,-0.2348993288590605,-0.17449664429530198,0.056946308724832306
RGTI,2024-12-11 07:00:00,2024-12-11 09:00:00,7.48,0.589326086956522,4,0.25,0.13101604278074874,0.13101604278074874,-0.22459890498197022,-0.09491978609625684,-0.0267379679144385,0.2740641711229945
RGTI,2024-12-17 17:00:00,2024-12-17 17:30:00,8.979999542236328,0.025966758334581508,4,0.375,0.419821898657337,0.419821898657337,-0.30734963061579335,0.2616927061540246,0.04064596251656183,0.9298441878751242
RGTI,2024-12-23 16:00:00,2024-12-23 16:30:00,11.404999732971191,0.19674708635584381,6,0.6785714285714286,0.07671195832363709,0.2836475831734888,-0.10653220179029887,-0.009197668469017817,0.27444105109378203,0.5274968017834922
RGTI,2024-12-27 17:00:00,2024-12-27 17:30:00,17.11199951171875,0.17783969243067999,4,0.6607142857142857,0.05014024229302727,0.06588946740475743,-0.15848527177266614,-0.030510725024343488,0.005148459318811582,0.13516829075163272
RGTI,2025-01-08 04:00:00,2025-01-08 09:00:00,15.74,-0.18303368933239872,5,0.6071428571428572,0.047903430749682396,0.047903430749682396,-0.5038119440914867,-0.34053367217280806,-0.48153748411689956,-0.36340533672172814
RGTI,2025-10-16 17:00:00,2025-10-16 17:30:00,49.720001220703125,-0.04596047648650203,4,0.3392857142857143,0.005631511915174414,0.005631511915174414,-0.175181033927174,-0.03921964430941094,-0.04505231628535045,-0.20836687382037478
SPCE,2025-05-16 20:00:00,2025-05-16 20:00:00,4.798572,0.22524999999999995,4,0.0,0.05448037457810351,0.16492993177718085,-0.1101519408427104,0.004465495151474208,-0.09556426370178461,-0.22893727550612974
SPCE,2026-05-30 14:00:00,2026-06-01 08:00:00,7.35,0.33261572129550654,4,0.08928571428571427,0.2108843018408535,0.2108843018408535,-0.4571428571428571,-0.058585034013605375,-0.4312925170068027,-0.34965986394557813
SPCE,2026-06-02 14:00:00,2026-06-02 14:30:00,5.15500020980835,-0.2678495476917021,37,3.6428571428571423,0.018428668540283688,0.018428668540283688,-0.2259942119093844,-0.11057228874149128,-0.1639185708316826,-0.16993217627637647
TLRY,2024-12-23 20:00:00,2024-12-23 20:30:00,14.187999725341797,0.15955099386062987,5,0.21428571428571427,0.21934031117154063,0.21934031117154063,-0.07316035898162532,0.0077530502387681555,0.03622779453870195,0.025514552607897256
TLRY,2025-05-05 17:00:00,2025-05-05 17:30:00,4.39300012588501,-0.05282446617399528,4,0.017857142857142856,0.024129267260978082,0.028909595129118948,-0.05781929880300096,-0.05190078704722312,0.0009105820181054547,-0.011609405143219953
TLRY,2025-07-22 15:00:00,2025-07-22 15:30:00,7.634000301361084,0.1498195435245182,4,0.05357142857142857,0.10820011344401537,0.10820011344401537,-0.1481529993861831,-0.037071058165573656,-0.13544667003838118,-0.24024109445429165
TLRY,2025-08-11 20:00:00,2025-08-11 20:00:00,9.199,0.5328125958007872,5,0.08928571428571427,0.30405482008011653,0.489292293647694,-0.021632786172410046,0.010979454288509771,0.2393738449831504,0.2067616045222307
TLRY,2025-10-09 15:00:00,2025-10-09 15:30:00,21.298999786376953,0.28659495674621605,5,0.1607142857142857,0.01408513263859601,0.01408513263859601,-0.2628761370267785,-0.1690220394185985,-0.21113666517116347,-0.26292313453887006
AMC,2024-11-11 20:00:00,2024-11-11 20:30:00,4.625,0.08450701538945582,9,0.21428571428571427,0.018378378378378413,0.05297294822899068,-0.07027022903029978,-0.012972960600981853,-0.011891854775918476,-0.029189238677153728
AMC,2024-12-02 01:00:00,2024-12-02 09:00:00,5.02,0.0,5,0.10714285714285714,0.033864553231167216,0.033864553231167216,-0.07370517928286835,-0.007968127490039723,-0.029880478087649265,-0.13147410358565725
AMC,2024-12-05 19:00:00,2024-12-05 19:30:00,5.369999885559082,0.09270173560383688,4,0.23214285714285715,0.03538176187515463,0.03538176187515463,-0.1992551039780297,-0.12383612216479456,-0.12476720667366026,-0.22253257188564501
AMC,2025-05-16 15:00:00,2025-05-16 15:30:00,3.065000057220459,0.1302214107974935,4,0.2857142857142857,0.014681839163218413,0.014681839163218413,-0.07667214653415622,-0.04404569484507148,-0.060391541640173574,0.0685154776049115
AMC,2025-05-23 17:00:00,2025-05-23 17:30:00,3.2100000381469727,0.02726402282714835,4,0.21428571428571427,0.02180684143961442,0.02180684143961442,0.0,0.02024920905937111,0.02024920905937111,0.1012461195705554
AMC,2025-05-27 14:00:00,2025-05-27 14:30:00,3.5250000953674316,0.07633590698242188,4,0.3571428571428571,0.1631205359081367,0.1631205359081367,-0.05673760064476496,-0.0028368766504145437,-0.018439732045931634,-0.014950366325909625
AMC,2025-07-17 17:00:00,2025-07-17 17:30:00,3.4314000606536865,0.08651420021179534,6,0.19642857142857145,0.047677322685999224,0.047677322685999224,-0.02372211319428008,0.036020284408332603,0.02582034673317435,-0.055778999029691745
AMC,2025-07-23 00:00:00,2025-07-23 08:00:00,3.52,0.020111601953034075,4,0.3035714285714286,0.017045454545454586,0.017045454545454586,-0.08238636363636365,-0.011363636363636354,-0.07954545454545447,-0.1875
AMC,2025-08-11 15:00:00,2025-08-11 15:30:00,3.0450000762939453,0.030405389296041863,4,0.125,0.03448276402057804,0.03448276402057804,-0.0377668330559483,0.00016419170701120755,-0.01642042347523298,-0.060755394601921586
AMC,2026-09-04 17:00:00,2026-09-04 17:30:00,2.674999952316284,0.04496265669764887,4,0.07142857142857142,0.00560751595198572,0.00560751595198572,-0.020560772986024767,-0.0018691410861352287,-0.0018691410861352287,-0.07663548686367083
LUNR,2024-11-07 19:00:00,2024-11-07 19:30:00,9.920000076293945,0.23029167870352385,4,0.08928571428571427,0.009072595957228424,0.009072595957228424,-0.06825606616653879,-0.04233871704271752,-0.024193555891947938,0.23084676472720211
LUNR,2024-11-11 13:00:00,2024-11-11 13:00:00,10.511,0.05681818181818188,4,0.23214285714285715,0.08552944534297402,0.37760441442298553,-0.08857387498810765,0.024640852440300565,0.33669489106650197,0.15498049662258606
LUNR,2024-11-14 13:00:00,2024-11-14 13:00:00,11.94,0.24336283185840712,12,0.8571428571428571,0.2780569514237856,0.2780569514237856,-0.2211055276381909,-0.17504187604690113,0.022613065326633208,0.27135678391959805
LUNR,2024-12-03 22:00:00,2024-12-03 22:00:00,12.39,-0.1777777777777777,5,0.625,0.05367234101499441,0.08151732191527628,-0.08797417271993546,0.039548022598870025,0.0008071025020177647,-0.051654560129136495
LUNR,2024-12-11 21:00:00,2024-12-11 21:00:00,11.66,0.0034129692832762792,4,0.2857142857142857,0.06980273081548827,0.06980273081548827,-0.017152655390482607,0.0034305317324183626,0.005145797598627766,0.23670668953687812
LUNR,2024-12-26 16:00:00,2024-12-26 16:30:00,18.764999389648438,0.13482469514895246,4,0.3035714285714286,0.04556362789207524,0.04556362789207524,-0.04716228391512978,-0.006394827380114987,-0.012523282562858618,0.17239545513314147
LUNR,2025-01-03 20:00:00,2025-01-03 20:30:00,21.559999465942383,0.12418642220028686,4,0.4642857142857143,0.025510229484301927,0.043599283735721084,-0.02799626916936293,0.020408188541593875,0.010204138504300797,-0.21521333509205742
LUNR,2025-01-21 23:00:00,2025-01-21 23:00:00,22.66,0.22352941176470598,4,0.14285714285714285,0.034863228726365936,0.10105916870871368,-0.0653133139816513,-0.014783759929391072,0.02383053839364524,-0.0379523389232127
LUNR,2025-02-10 21:00:00,2025-02-10 21:00:00,19.93,0.07763342318059308,4,0.17857142857142855,0.01531359759157036,0.01531359759157036,-0.11841446588940197,-0.07827395885599597,-0.03411941796286999,-0.014550928248871053
LUNR,2025-02-27 00:00:00,2025-02-27 09:00:00,17.49,0.0787500000000001,4,0.3928571428571429,0.02344196683819333,0.02344196683819333,-0.2784448256146369,-0.21612349914236695,-0.16925100057175524,-0.5225843339050886
LUNR,2025-03-06 21:00:00,2025-03-06 21:00:00,11.3,-0.40028490028490027,5,0.5178571428571428,0.004424778761061843,0.004424778761061843,-0.4061946902654867,-0.25132743362831855,-0.26106194690265494,-0.35752212389380533
LUNR,2025-07-23 14:00:00,2025-07-23 14:30:00,12.625,0.154730032520904,4,0.10714285714285714,0.07722775298770101,0.07722775298770101,-0.08237623762376234,0.055445529446743524,0.013069306930693081,-0.16040396039603966
LUNR,2026-05-26 22:00:00,2026-05-26 22:00:00,36.4,-0.04744429882044543,4,0.07142857142857142,0.17582417582417587,0.28434065934065944,-0.031043956043955934,0.0768901098901098,0.18826923076923086,-0.19890109890109886
SOUN,2024-12-05 16:00:00,2024-12-05 16:30:00,12.85569953918457,0.3034749824220615,6,0.19642857142857145,0.2271910954291554,0.2271910954291554,-0.09067569879270143,0.07189029699756189,0.153573942421235,0.32314853409205746
SOUN,2024-12-21 03:00:00,2024-12-23 09:00:00,22.4,0.16844385026737974,4,0.5178571428571428,0.03973214285714288,0.03973214285714288,-0.18883928571428554,-0.10312499999999991,-0.11205357142857131,-0.08258928571428559
SOUN,2026-05-01 15:00:00,2026-05-01 15:30:00,8.489999771118164,0.07228180395098627,4,0.05357142857142857,0.1307421248852838,0.1825677541250066,-0.004711420839974778,0.12014137295406524,0.15253240414674218,0.010011783326088208
HIMS,2024-11-25 20:00:00,2024-11-25 20:30:00,30.889999389648438,0.22479372000449338,5,0.26785714285714285,0.03593397967898748,0.1337002638303464,-0.04920681710742947,-0.007122023881561357,-0.015215260567662425,0.02298481728229551
HIMS,2025-02-07 18:00:00,2025-02-07 18:30:00,44.11000061035156,0.068815122875862,4,0.21428571428571427,0.005735623408524848,0.026606197538184162,-0.06360918958915429,-0.03400590772151446,0.003173869592184575,0.3763318784845542
HIMS,2025-02-13 15:00:00,2025-02-13 15:30:00,54.314998626708984,0.22605005395158906,4,0.375,0.19377700409267895,0.19377700409267895,-0.03986002311644099,0.1359661663067584,0.11773914268583496,-0.09914386012818477
HIMS,2025-02-21 16:00:00,2025-02-21 16:30:00,54.07500076293945,-0.13741123520241882,4,0.8928571428571428,0.0023116042207376175,0.0023116042207376175,-0.18982892731984202,-0.09514564383447222,-0.07726308543433269,-0.22653721363228518
HIMS,2025-02-24 23:00:00,2025-02-24 23:00:00,41.58,-0.1365215614142653,7,1.0892857142857142,0.04136604136604127,0.10149108314238942,-0.13371812270890637,-0.059163059163059195,0.001202501202501205,-0.16450697450697438
HIMS,2025-04-29 11:00:00,2025-04-29 11:00:00,28.59,-0.015224913494809589,4,0.05357142857142857,0.49422875131164745,0.49422875131164745,-0.015389996502273573,0.2259531304651976,0.2742217558586919,0.7799930045470445
HIMS,2025-05-15 02:00:00,2025-05-15 08:00:00,60.4,-0.055348402182385126,4,0.4464285714285714,0.03807948283012341,0.07317716080621373,-0.11092713968643286,-0.013245033112582738,0.017715231788079544,-0.09685430463576161
HIMS,2025-06-03 15:00:00,2025-06-03 15:30:00,56.1338005065918,-0.02725808186563461,4,0.1607142857142857,0.04892240569389106,0.04892240569389106,-0.08985318045585566,-0.04211010171225704,-0.0028717363797923223,0.018103192909016963
HIMS,2025-06-23 16:00:00,2025-06-23 16:30:00,43.11009979248047,-0.33137895156010666,4,0.10714285714285714,0.03989552832859666,0.0790974894908032,-0.05729747331532087,-0.005917412659031673,0.06193209943072575,0.11644374055729667
HIMS,2025-06-26 16:00:00,2025-06-26 16:30:00,44.962215423583984,0.04825173942186267,4,0.375,0.156304269900289,0.156304269900289,-0.007833573366308744,0.1111551913935982,0.09714344667556096,0.06089078464269737
HIMS,2025-07-23 17:00:00,2025-07-23 17:30:00,55.99700164794922,0.1399022847338185,6,0.08928571428571427,0.0564851350318456,0.07041443046449558,-0.03030523708318622,0.015361518461602719,0.0295194082433754,0.11577402648822366
HIMS,2025-07-30 17:00:00,2025-07-30 17:30:00,65.56999969482422,0.10314034133157124,4,0.2857142857142857,0.07411927151091913,0.07411927151091913,-0.06786639797979876,0.030806720336554294,-0.04712520526468955,-0.2081790416098127
HIMS,2025-10-15 19:00:00,2025-10-15 19:30:00,63.880001068115234,0.16672756296497293,4,0.017857142857142856,0.009236069861031648,0.009236069861031648,-0.22510959342004144,-0.07357546468929832,-0.2071070890247495,-0.22980589891446546
HIMS,2025-10-24 10:00:00,2025-10-24 10:00:00,49.51,0.0255717255717256,4,0.1607142857142857,0.02989298482057756,0.02989298482057756,-0.016360331246212834,-0.006261361341143079,0.017370228236719853,-0.05796808725509994
HIMS,2026-02-06 17:00:00,2026-02-06 17:30:00,23.139999389648438,-0.03239563741630691,4,0.125,0.0012921998835477844,0.0012921998835477844,-0.2934312526912245,-0.14564388412024243,-0.19490062004493236,-0.30293861601328853
HIMS,2026-03-07 02:00:00,2026-03-09 08:00:00,21.5,-0.014681402305468327,5,0.125,0.14604651162790705,0.2832558139534884,-0.21953488372093022,0.05209302325581411,0.2655813953488373,0.058139534883721034
HIMS,2026-03-11 17:00:00,2026-03-11 17:30:00,27.360000610351562,0.1786641877652737,4,0.41071428571428575,0.027412257782065907,0.027412257782065907,-0.1502193172026669,-0.09868423621006484,-0.1030701954474601,-0.19226244491973243
AEO,2025-07-23 16:00:00,2025-07-23 16:30:00,10.519399642944336,0.03952574868853298,4,0.0,0.3023556918658361,0.3023556918658361,-0.013251661999258424,0.08856024129699858,0.1312432651973321,0.03237830756664084
AEO,2025-08-04 17:00:00,2025-08-04 17:30:00,13.220000267028809,0.2168508427797322,4,0.8214285714285715,0.08169438057159151,0.08169438057159151,-0.09984876110711338,-0.07790472995760045,-0.05030256795921273,-0.01928896439411565
ASTS,2024-10-14 09:00:00,2024-10-14 09:00:00,24.33,0.013653289201489338,6,0.3035714285714286,0.05589809017910485,0.1656391537341375,-0.05461570078092881,0.011919441019317745,0.14303329223181271,0.12166050143855323
ASTS,2024-10-24 17:00:00,2024-10-24 17:30:00,25.83009910583496,-0.017487654248939943,5,0.4821428571428572,0.06460296134861054,0.06460296134861054,-0.04568699030032397,0.010836253603586643,-0.012338284283352596,-0.07665859498725891
ASTS,2024-11-13 15:00:00,2024-11-13 15:30:00,28.06999969482422,0.1295253111141801,7,0.3214285714285714,0.10950838105442195,0.10950838105442195,-0.23363023284194817,-0.032960438857346674,-0.1314570621639377,-0.1382258545424795
ASTS,2024-12-09 16:00:00,2024-12-09 16:30:00,27.309999465942383,0.08283787930337771,4,0.07142857142857142,0.005492479731364908,0.01299892131086744,-0.14939582583273647,-0.07695715379718482,-0.134383015308027,-0.1596484360404391
ASTS,2025-02-10 20:00:00,2025-02-10 20:30:00,31.514999389648438,0.19601515710240736,4,0.3214285714285714,0.02490879344929975,0.02490879344929975,-0.14167857334798128,-0.09915913249315977,-0.04648580615454778,0.004918314759555953
ASTS,2025-06-18 16:00:00,2025-06-18 16:30:00,43.27000045776367,0.09235176802020884,7,0.10714285714285714,0.033279376276285966,0.13103762673817987,-0.006239899581864439,0.028426150432721675,0.06562744423837441,0.141899687480467
ASTS,2025-10-02 17:00:00,2025-10-02 17:30:00,65.24590301513672,0.15833848076521728,4,0.14285714285714285,0.0544723863473322,0.0544723863473322,-0.018329166428415866,0.0341645276710667,0.03531558118413525,0.22459796412754995
ASTS,2025-10-06 18:00:00,2025-10-06 18:30:00,73.55999755859375,0.08852538751677463,4,0.3214285714285714,0.03303426299382606,0.24270934370610187,-0.0946166094289198,0.02501364910758075,0.19682573201118148,0.21492666819890682
ASTS,2026-01-06 18:00:00,2026-01-06 18:30:00,96.69999694824219,0.06899219841629667,4,0.1607142857142857,0.01303002162897915,0.05144784137044445,-0.13474661178341485,-0.09989654950956484,0.019855282925887785,0.20941055469565972
ASTS,2026-01-16 18:00:00,2026-01-16 18:30:00,118.36000061035156,0.16716747910130025,6,0.25,0.006759065965126876,0.006759065965126876,-0.03176750690132746,-0.014869893555894742,-0.014869893555894742,-0.09276785485225236
ASTS,2026-05-11 14:00:00,2026-05-11 14:30:00,80.73999786376953,0.07854947333240969,5,0.19642857142857145,0.07728514121042052,0.07728514121042052,-0.13401040353110383,-0.12174875478998703,-0.0008049890231776047,0.20213029634160407
ASTS,2026-05-26 20:00:00,2026-05-26 20:00:00,119.58,0.14138257575757573,4,0.2857142857142857,0.09700612707627743,0.11941707475186591,-0.11883255773053991,0.08153537380832931,-0.0658973072420137,-0.2234487372470313
ASTS,2026-06-09 19:00:00,2026-06-09 19:30:00,88.98500061035156,-0.03109517269528561,4,0.41071428571428575,0.0462437246226286,0.1771646826039861,-0.08411530661360511,-0.01831766300205373,-0.07321569396066785,-0.09647694051207178
